sentiment,text,user
"positive","RT @JamesTodd_: Great work by DELWP Biodiversity scientists and spatial analysts to develop the time series land cover data sets. Very prou‚Ä¶","david_papps55"
"neutral","RT @Chi_Curmudgeon: @drf5n @Laurie_Garrett @CDCgov @WhiteHouse CDC gutted, pandemic  &amp; science experts kneecapped. We aren‚Äôt even testing a‚Ä¶","Eilonwy24"
"positive","RT @NASA: How do you blend modern technology with Indigenous peoples' long environmental history? We're helping Indigenous groups learn to‚Ä¶","ChristinaCMLane"
"positive","RT @tedlieu: Dear @CDCDirector: You testified under oath that @CDCgov would be ‚Äúdata driven‚Äù and ‚Äúscience based.‚Äù You lied. This new CDC do‚Ä¶","NicolaNalexand"
"positive","RT @KirkDBorne: Hundreds of articles &amp; resources  for #DataScientists, sorted into many different topics: https://t.co/PgtST2RNL2\n‚Äî‚Äî‚Äî‚Äî‚Äî\n#Bi‚Ä¶","andrewmorrisuk"
"positive","RT @KirkDBorne: Hundreds of articles &amp; resources  for #DataScientists, sorted into many different topics: https://t.co/PgtST2RNL2\n‚Äî‚Äî‚Äî‚Äî‚Äî\n#Bi‚Ä¶","8e56325acb9b4c4"
"neutral","I have a data science joke but it's still being validated. https://t.co/f6Yxwpio7X","Shashank_Rai_"
"positive","RT @DataScience_b: Walk Through Recommender System of Advanced Matrix Factorization for implicit...\nhttps://t.co/xcp7nOzAIC\n #data #science‚Ä¶","datasciencebot_"
"neutral","RT @RaveCozensHardy: which they called Big Data Dolphins, in partnership with the data science department at the University of Mississippi.‚Ä¶","Neil_J_Ryder"
"positive","RT @verge: How the world‚Äôs biggest general science society is tackling racism https://t.co/vsKuZ2hF4x https://t.co/DIwG5kOH03","Iggy"
"positive","Walk Through Recommender System of Advanced Matrix Factorization for implicit...\nhttps://t.co/xcp7nOzAIC\n #data #science #datascience","DataScience_b"
"positive","RT @verge: How the world‚Äôs biggest general science society is tackling racism https://t.co/vsKuZ2hF4x https://t.co/DIwG5kOH03","narycoom4747"
"neutral","RT @NPR: Researchers analyzed the data from every study on the protective effect of masks. \n\nTheir bottom-line estimate: If 95% of people w‚Ä¶","gianamontana"
"negative","@KINGLORE666 - there was a hole.\n\n      He grunted a little as though it hurt. Thankfully, it did not.\n\nIt surprisi‚Ä¶ https://t.co/unJC2nFK7m","princedadta"
"neutral","https://t.co/EPVQReYFDy\nhttps://t.co/YnFjAbhMWk\nhttps://t.co/epje5VJt0n\nhttps://t.co/mdYzGR5xWD‚Ä¶ https://t.co/eCmRtBQTBF","Peaceful1979"
"neutral","@murilotsilva @kareem_carr @ben_j_lindsay And what if only option 2 and 3 are valid for you üòÖ. Can we still go for data science?","s_hafsaali"
"positive","RT @machinelearnflx: Advanced Data Science Techniques in SPSS https://t.co/THQuf7jTWq  #machinelearning #ad","samadovaabditch"
"neutral","RT @DataScience_b: Solutions to Issues with Edge TPU\nhttps://t.co/5HjJWfSHUX\n #data #science #datascience","datasciencebot_"
"positive","Interesting paper: \"Interpreting non-linear drug diffusion data: Utilizing Korsmeyer-Peppas model to study drug rel‚Ä¶ https://t.co/ymzVN8SotB","NPeppas"
"neutral","Solutions to Issues with Edge TPU\nhttps://t.co/5HjJWfSHUX\n #data #science #datascience","DataScience_b"
"positive","RT @_BTO: Our 2019 Ringing and Nest Recording Report is out! Both the ringing and Nest Record scheme provide us with hugely valuable data o‚Ä¶","RobThomas14"
"positive","Real-Time Head Pose Estimation in Python\nhttps://t.co/js2ZMhVhba\n #data #science #datascience","DataScience_b"
"neutral","Data Science MOOCs are too Superficial https://t.co/oWXeb2dgUf https://t.co/XwKBOIxloB","cojiambo1"
"neutral","RT @Deep__AI: Learn about F-Score https://t.co/g55ja69ZTc #Recall #FScore","Data_Science_IA"
"neutral","RT @NPR: Researchers analyzed the data from every study on the protective effect of masks. \n\nTheir bottom-line estimate: If 95% of people w‚Ä¶","KasiaEdlund"
"neutral","RT @IBMDeveloper: Data science tools for data-driven decision making &amp; machine learning on scalable platforms, including Spark and TensorFl‚Ä¶","rksatria"
"neutral","RT @nabilamhydn: [JOB VACANCY @ MEDIDATA SDN BHD]\nManufacturer Of Surgipro Face Mask\nLooking for IT EXECUTIVE\n\nüìåKUALA SELANGOR\nüì©nabila@medi‚Ä¶","mashiefarisya"
"positive","A degree in Science, with a specialization in Computer Science (CS) is a significant asset. Your career options wit‚Ä¶ https://t.co/aj6Zvwyays","StPeterJuniorCo"
"positive","RT @Arnold_Haine: The Top #DataScience Datasets Right Now https://t.co/mmeUznguK7 https://t.co/h4KEmUrnVk","datasciencebot_"
"positive","RT @Arnold_Haine: The Top #DataScience Datasets Right Now https://t.co/mmeUznguK7 https://t.co/h4KEmUrnVk","developersbot"
"positive","The Top #DataScience Datasets Right Now https://t.co/mmeUznguK7 https://t.co/h4KEmUrnVk","Arnold_Haine"
"positive","Covid has actually shown how utterly unprepared the scientific community was to being manipulated by anyone more in‚Ä¶ https://t.co/j3MhwcsHpe","meekrabs"
"negative","RT @axbom: It turns out all the studies claiming small plates lead to less consumption come from the same research group, one that happens‚Ä¶","ilovegraphics"
"negative","@StonKold @Janiceperalta2 @nytimes ...by science, which is why Texax and Florida are getting hit so hard now, and a‚Ä¶ https://t.co/WGxnMrECm1","DrTrisCullen"
"neutral","https://t.co/Yx03cA19zN\nhttps://t.co/ENIK7ls5Mh\nhttps://t.co/2aCfS9MhnR\nhttps://t.co/1KrWgYHvUZ‚Ä¶ https://t.co/GW04duKtUV","Peaceful1979"
"positive","RT @tedlieu: Dear @CDCDirector: You testified under oath that @CDCgov would be ‚Äúdata driven‚Äù and ‚Äúscience based.‚Äù You lied. This new CDC do‚Ä¶","Bendfish420"
"positive","RT @machinelearnflx: Advanced Data Science Techniques in SPSS https://t.co/THQuf7jTWq  #machinelearning #ad","bmespina"
"neutral","RT @analyticbridge: Python Data Science Handbook- An essential handbook for Python enthusiasts https://t.co/9D0RqvS6H5","EssamFakharany"
"positive","RT @verge: How the world‚Äôs biggest general science society is tackling racism https://t.co/vsKuZ2hF4x https://t.co/DIwG5kOH03","Kushal95880855"
"neutral","RT @RaveCozensHardy: which they called Big Data Dolphins, in partnership with the data science department at the University of Mississippi.‚Ä¶","ainotna11"
"neutral","RT @AmanpourCoPBS: The director of MIT's Election Data and Science Lab challenges President Trump's claim that \"mail-in voting, unless chan‚Ä¶","CRuehlicke"
"negative","RT @DrTomFrieden: 17/End. We‚Äôll only reopen and keep schools open if we unite to fight the virus while keeping physically distant. We‚Äôll on‚Ä¶","quarecuttie"
"neutral","RT @AmanpourCoPBS: And Charles Stewart, director of MIT's Election Data and Science Lab, explains how officials should prepare for November‚Ä¶","CRuehlicke"
"neutral","RT @RaveCozensHardy: which they called Big Data Dolphins, in partnership with the data science department at the University of Mississippi.‚Ä¶","SusanChubb1"
"positive","RT @BillGates: \"Our best strategy in the age-old fight against the germs is our collaborative, data-based effort to study the world around‚Ä¶","Morrison1911"
"negative","RT @Cerisecyberfyb1: @CBSNews @NorahODonnell Take Your Too Long Extended Intented #Event201 Virus patient  Quack Dr .  #BigPharma +Vaccines‚Ä¶","BWaveResist2020"
"positive","RT @ukudigada: NRDC said the Corps was ‚Äújamming this through without regard for science or what the public wants‚Äîand they know it. To stick‚Ä¶","tallwillowppl"
"neutral","@mthrofmountains So ... you're saying data science and Facebo** don't go together?\n\nüòÇüòÇüòÇüòÇüòÇüòÇüòÇüòÇ","rwabhm"
"negative","RT @DrTomFrieden: 17/End. We‚Äôll only reopen and keep schools open if we unite to fight the virus while keeping physically distant. We‚Äôll on‚Ä¶","homegypsy"
"neutral","How to Launch Your Data Science Career https://t.co/EEE6A6ydkm","herruer"
"neutral","RT @GreyAtomschool: ‚ÄòData Scientist‚Äô is currently the #1 Job. Find out what it means to be a Data Scientist, why you should consider a care‚Ä¶","datasciencebot_"
"neutral","RT @GreyAtomschool: U.S. Bureau of Labor Statistics predicts Data Science will create over 10 Million jobs in the next 5 years. And now is‚Ä¶","datasciencebot_"
"neutral","@TLKurtz @deesnider Gonna throw my 2 cents in cause why not.\n\nExperts \"can't agree\" because the data and science is‚Ä¶ https://t.co/MkdunwMcGK","LeeDowney"
"neutral","RT @GreyAtomschool: ‚ÄòData Scientist‚Äô is currently the #1 Job. Find out what it means to be a Data Scientist, why you should consider a care‚Ä¶","SherwinRF1"
"negative","RT @DrTomFrieden: 17/End. We‚Äôll only reopen and keep schools open if we unite to fight the virus while keeping physically distant. We‚Äôll on‚Ä¶","CmdDasp"
"neutral","RT @GreyAtomschool: U.S. Bureau of Labor Statistics predicts Data Science will create over 10 Million jobs in the next 5 years. And now is‚Ä¶","SherwinRF1"
"neutral","RT @kordosaeed: Procalcitonin as an antibiotic stewardship tool in COVID-19 patients i... https://t.co/nsoAlP1rYY \nOur data/ paper from @UH‚Ä¶","UHS_IPT"
"neutral","RT @SLondono00: Estaba viendo el nuevo convenio de @PoliticaUR @URosario con Coursera. Una nota. \n\nA los polit√≥logos muy poco nos ense√±an d‚Ä¶","FaustoSwell"
"positive","RT @BillGates: \"Our best strategy in the age-old fight against the germs is our collaborative, data-based effort to study the world around‚Ä¶","fordeborah5"
"positive","RT @umpsid: New research from @SergeyVAlexeev uses @umpsid data in conjuntion with data from SOEP @DIW_Berlin_en and HILDA @MelbInstUOM to‚Ä¶","O6zNDcuDfAw4wu9"
"neutral","RT @abhis22076728: @DestinyOfAugust ‡πÄ‡∏ó‡∏Ñ‡πÇ‡∏ô‡πÇ‡∏•‡∏¢‡∏µ AI ‡∏õ‡∏±‡∏à‡∏à‡∏∏‡∏ö‡∏±‡∏ô‡πÉ‡∏ä‡πâ ‡∏Ñ‡∏ì‡∏¥‡∏ï‡∏®‡∏≤‡∏™‡∏ï‡∏£‡πå ‡∏ó‡∏±‡πâ‡∏á‡∏™‡∏¥‡πâ‡∏ô Twitter ‡∏Å‡πá‡πÄ‡∏ä‡πà‡∏ô‡∏Å‡∏±‡∏ô ‡∏°‡∏µ‡∏ó‡∏±‡πâ‡∏á\nData analystic , Data science , D‚Ä¶","SuZyxArs_170"
"negative","RT @saundees21: So apparently \"DR\" Bill Gates and his criminal cartel are making a governmental, mandated RNA vaccine against covid, who is‚Ä¶","88DPD88"
"positive","RT @Sheril_: Tom Frieden is the former director of the CDC. This entire thread is worth reading &amp; I cannot agree more w his last point: \n\nW‚Ä¶","BNerlich"
"positive","RT @tedlieu: Dear @CDCDirector: You testified under oath that @CDCgov would be ‚Äúdata driven‚Äù and ‚Äúscience based.‚Äù You lied. This new CDC do‚Ä¶","tweetsbi"
"positive","RT @tedlieu: Dear @CDCDirector: You testified under oath that @CDCgov would be ‚Äúdata driven‚Äù and ‚Äúscience based.‚Äù You lied. This new CDC do‚Ä¶","BlueDee6"
"positive","RT @machinelearnflx: Advanced Data Science Techniques in SPSS https://t.co/THQuf7jTWq  #machinelearning #ad","bungobot1"
"positive","RT @kareem_carr: Data science is for you if you ... \n\n1. like math so much that you turn every problem into a math problem\n\n2. but not enou‚Ä¶","johnnygenomics"
"positive","RT @dsa_org: Hello Data Science Africa community!\nThis is the programme of the great talks we have lined up!!\nThere‚Äôs 3 morning sessions an‚Ä¶","AIR_lab_MUK"
"neutral","Data Science MOOCs are too Superficial https://t.co/QhC8WG4NpT https://t.co/Fxxi3AZGvh","HelpsCharlie"
"positive","RT @tedlieu: Dear @CDCDirector: You testified under oath that @CDCgov would be ‚Äúdata driven‚Äù and ‚Äúscience based.‚Äù You lied. This new CDC do‚Ä¶","KimbaGross"
"positive","RT @tedlieu: Dear @CDCDirector: You testified under oath that @CDCgov would be ‚Äúdata driven‚Äù and ‚Äúscience based.‚Äù You lied. This new CDC do‚Ä¶","MisanthropicBi6"
"positive","How the world‚Äôs biggest general science society is tackling racism https://t.co/vsKuZ2hF4x https://t.co/DIwG5kOH03","verge"
"positive","RT @dsa_org: Hello Data Science Africa community!\nThis is the programme of the great talks we have lined up!!\nThere‚Äôs 3 morning sessions an‚Ä¶","indabaxug"
"neutral","An English chemist &amp; X-Ray crystallographer. Her pioneering work &amp; data in the fields of DNA, RNA, viruses set the‚Ä¶ https://t.co/8iIpf3Ua94","Sri_Chaitanya_"
"positive","RT @bengoldacre: THREAD BUMP NEW PAPER\n\nHow we can make NHS coalface data analysis great!\n\nAvoid manual labour in Excel! Embrace modern, op‚Ä¶","welburnmckinney"
"positive","RT @_BTO: Our 2019 Ringing and Nest Recording Report is out! Both the ringing and Nest Record scheme provide us with hugely valuable data o‚Ä¶","SHNB_BSHNB"
"positive","RT @anbarth: No plans yet for Saturday? We have a few spots left for this weekend's free, full-day workshop on Data Science and Machine Lea‚Ä¶","akgprogrammer"
"neutral","RT @AmanpourCoPBS: And Charles Stewart, director of MIT's Election Data and Science Lab, explains how officials should prepare for November‚Ä¶","MYMIMISTHEBEST"
"positive","@inhisimagegen @RTB_HRoss @jason_lisle I don't really care about deities but I do care about accurate science. Deal‚Ä¶ https://t.co/fAuOXlWv3r","TakeThatEpi"
"neutral","Apex University (AU) has awarded 100% Scholarship to \"Nishita Bajaj\" who has secured \"95%\" in 12th #CBSE Board exam‚Ä¶ https://t.co/wuVxGeu2PR","APEX_COLLEGES"
"positive","@slayerdork @nazipunksf @SomeBitchIKnow @BernieSanders People forget this is a brand new, potentially lethal virus‚Ä¶ https://t.co/3b0f1yP1yI","MrMike27549486"
"positive","RT @BillGates: \"Our best strategy in the age-old fight against the germs is our collaborative, data-based effort to study the world around‚Ä¶","pavneet47"
"neutral","A partir de septembre, le journal Sciences partagera les donn√©es li√©es √† la diversit√© des auteurs/autrices publi√©/e‚Ä¶ https://t.co/KwkYdtfDIW","mfouquenet"
"neutral","5 Tips to Use R Markdown for Analytics in Data Science https://t.co/Pt4snGKH5m https://t.co/aqBVHqxNNQ","minnovationhub"
"positive","RT @victoriacharlz: LIST OF ONLY FREE ONLINE COURSES WITH FREE CERTIFICATES (2,000 + COURSES)\n\nSubjects: Science, Computer Science, Mathema‚Ä¶","sosinho2"
"negative","@missjiveturkey @postandcourier COVID isn‚Äôt dangerous for children. Children are not primary vectors of COVID. COVI‚Ä¶ https://t.co/3PMq7FDOfH","semptyrannis"
"neutral","Improving data integrity in regulated bioanalysis: proposal for a generic data transfer process for LC‚ÄìMS from the‚Ä¶ https://t.co/9Gwzdh3wA2","realBioMassSpec"
"positive","RT @THubHyd: We are in a time where mental health is as important as our physical health. Scientists are utilising #ArtificialIntelligence‚Ä¶","YVaraPrasad1"
"neutral","[RECRUTEMENT] Le p√¥le judiciaire de la gendarmerie nationale #PJGN recrute \nüîéun Expert en investigations num√©riques‚Ä¶ https://t.co/N34BAqaIsx","FCazals"
"positive","RT @victoriacharlz: LIST OF ONLY FREE ONLINE COURSES WITH FREE CERTIFICATES (2,000 + COURSES)\n\nSubjects: Science, Computer Science, Mathema‚Ä¶","lizanalizzie"
"neutral","RT @nabilamhydn: [JOB VACANCY @ MEDIDATA SDN BHD]\nManufacturer Of Surgipro Face Mask\nLooking for IT EXECUTIVE\n\nüìåKUALA SELANGOR\nüì©nabila@medi‚Ä¶","ndrhsuhaimi"
"neutral","@tasyasabrinas @hrdbacot halo kak, saya tertarik. saya sudah masuk tahun ke 4 semester ini. sudah pernah belajar fr‚Ä¶ https://t.co/ccyertFbEb","maribelisini"
"negative","Data secrecy may cripple U.S. attempts to slow pandemic https://t.co/fk9eKxggiB","nevaeh5658"
"positive","RT @dsa_org: Hello Data Science Africa community!\nThis is the programme of the great talks we have lined up!!\nThere‚Äôs 3 morning sessions an‚Ä¶","kioko_genius"
"positive","RT @machinelearnflx: Advanced Data Science Techniques in SPSS https://t.co/THQuf7jTWq  #machinelearning #ad","LazyBot6"
"neutral","@nathansgreen @PlantPowered88 @ThomasSowell Yet his work conflicts with the works of dozens of analysis created usi‚Ä¶ https://t.co/32C8n4zjc8","jimbobjoeray"
"positive","@kareem_carr HHaha. Currently I‚Äôm school for data science and yea, pretty much. \n\nHeard someone else call it ‚Äúmassi‚Ä¶ https://t.co/yP4xgXtX5h","jkspradlin"
"positive","RT @_BTO: Our 2019 Ringing and Nest Recording Report is out! Both the ringing and Nest Record scheme provide us with hugely valuable data o‚Ä¶","_AndyClements"
"positive","my data science team had a lawn chat just this morning where we agreed that if we ever had our own lawns, they'd be‚Ä¶ https://t.co/PDEPZgoq2R","mikedrichman"
"positive","RT @deep_dives: Is data feminism really a kind of counter data science?\n\nAccording to @kanarinka, Director at Data+Feminism lab, MIT ‚Äî it i‚Ä¶","dikshasinghm"